,learning_rate,gamma,clip_range,ent_coef,n_steps,gae_lambda,randomization distribution,policy,network,tuned method,eval episodes,source reward,target reward
0,0.00054,0.989125,0.135039,0,1472,0.966356,"[[1.5, 4.0]]",CnnPolicy,cnn,grid,50,305.68664184,275.75166409999997
1,0.00054,0.989125,0.135039,0,1472,0.966356,"[[1.5, 4.0]]",CnnPolicy,cnn,grid,50,176.35273306,173.206409
2,0.00054,0.989125,0.135039,0,1472,0.966356,"[[1.5, 4.0]]",CnnPolicy,cnn,grid,50,177.85173170000002,167.69789282
